v,rho_c,beta_opt_mean,beta_opt_std,beta_learned_mean,beta_learned_std
1.000000000000000000e+00,9.991404325702055722e-01,8.633333333333332860e-01,1.885618083164128378e-02,8.826354462230900921e-01,1.656090312255268163e-02
2.500000000000000000e+00,9.946337629012842463e-01,7.666666666666666075e-01,1.699673171197596186e-02,7.708940356156696039e-01,5.276502753036999699e-02
5.000000000000000000e+00,9.786214153175084585e-01,4.933333333333333459e-01,8.379870059984355357e-02,4.638062154426045858e-01,3.181975549103134571e-02
8.000000000000000000e+00,9.457281611321866066e-01,1.600000000000000033e-01,5.099019513592785435e-02,2.298058535703412508e-01,4.033797958678225076e-02
1.200000000000000000e+01,8.799752540744818496e-01,1.066666666666666735e-01,1.247219128924647105e-02,1.260772622050055913e-01,2.841654237974388514e-02
1.500000000000000000e+01,8.157122570378640969e-01,9.999999999999999167e-02,1.414213562373095069e-02,1.348347067950188827e-01,8.273022156989037756e-03
1.800000000000000000e+01,7.402490854600278780e-01,9.666666666666666463e-02,9.428090415820636686e-03,1.369926691055892987e-01,1.991777888123580018e-02
2.100000000000000000e+01,6.553094088481669077e-01,8.666666666666666963e-02,1.699673171197594798e-02,1.175384023911655723e-01,1.551796449661273399e-02
2.400000000000000000e+01,5.628216080278579669e-01,8.000000000000000167e-02,1.632993161855452596e-02,1.056583244398624361e-01,1.611448707142674325e-02
2.700000000000000000e+01,4.648696531058301717e-01,7.333333333333334758e-02,4.714045207910314006e-03,9.239883586360686518e-02,6.245935329128067016e-03
2.900000000000000000e+01,3.976099797772173483e-01,7.333333333333334758e-02,1.699673171197594798e-02,1.071918929937017984e-01,1.372727396074460704e-02
